video_name,video_path,error_code,error_message,processing_time_s,final_frame_count
TL4LEfRr1TI.mp4,data/hussain_videos/TL4LEfRr1TI.mp4,429,429 Resource has been exhausted (e.g. check quota).,391.7338972091675,110
Ti6saRaKJYM.mp4,data/hussain_videos/Ti6saRaKJYM.mp4,429,429 Resource has been exhausted (e.g. check quota).,202.1549186706543,58
TosjG0E191U.mp4,data/hussain_videos/TosjG0E191U.mp4,429,429 Resource has been exhausted (e.g. check quota).,21.90700078010559,19
TsQXQGaasUg.mp4,data/hussain_videos/TsQXQGaasUg.mp4,429,429 Resource has been exhausted (e.g. check quota).,16.27457618713379,19
U-VzZQGWOqA.mp4,data/hussain_videos/U-VzZQGWOqA.mp4,429,429 Resource has been exhausted (e.g. check quota).,11.787360191345215,7
TusJ8HSLaUs.mp4,data/hussain_videos/TusJ8HSLaUs.mp4,429,429 Resource has been exhausted (e.g. check quota).,37.10069465637207,10
U6xmeqm8k7Q.mp4,data/hussain_videos/U6xmeqm8k7Q.mp4,429,429 Resource has been exhausted (e.g. check quota).,18.798940896987915,18
U219eUIZ7Qo.mp4,data/hussain_videos/U219eUIZ7Qo.mp4,429,429 Resource has been exhausted (e.g. check quota).,54.66153168678284,35
U9gBE9g_iZY.mp4,data/hussain_videos/U9gBE9g_iZY.mp4,429,429 Resource has been exhausted (e.g. check quota).,38.888781785964966,8
U7pdH1cVbyY.mp4,data/hussain_videos/U7pdH1cVbyY.mp4,429,429 Resource has been exhausted (e.g. check quota).,43.60247325897217,30
UK9VU1aJvTI.mp4,data/hussain_videos/UK9VU1aJvTI.mp4,429,429 Resource has been exhausted (e.g. check quota).,18.33731484413147,14
UIOdk3AhVA0.mp4,data/hussain_videos/UIOdk3AhVA0.mp4,429,429 Resource has been exhausted (e.g. check quota).,43.615352630615234,11
UKn_7fyB5fw.mp4,data/hussain_videos/UKn_7fyB5fw.mp4,429,429 Resource has been exhausted (e.g. check quota).,29.596275806427002,16
UNabu9daJUc.mp4,data/hussain_videos/UNabu9daJUc.mp4,429,429 Resource has been exhausted (e.g. check quota).,55.041759729385376,23
USD2QsP-Rzw.mp4,data/hussain_videos/USD2QsP-Rzw.mp4,429,429 Resource has been exhausted (e.g. check quota).,23.958106517791748,18
TypQ-iYqiLg.mp4,data/hussain_videos/TypQ-iYqiLg.mp4,429,429 Resource has been exhausted (e.g. check quota).,235.22544384002686,75
UKDWPYO0slE.mp4,data/hussain_videos/UKDWPYO0slE.mp4,429,429 Resource has been exhausted (e.g. check quota).,152.4280285835266,43
UU0SP91D9Js.mp4,data/hussain_videos/UU0SP91D9Js.mp4,429,429 Resource has been exhausted (e.g. check quota).,29.196720600128174,20
UTQinvFuX3M.mp4,data/hussain_videos/UTQinvFuX3M.mp4,429,429 Resource has been exhausted (e.g. check quota).,43.19291830062866,25
UVYUCU8XSLE.mp4,data/hussain_videos/UVYUCU8XSLE.mp4,429,429 Resource has been exhausted (e.g. check quota).,51.65478849411011,5
Ug_iluxQ1IQ.mp4,data/hussain_videos/Ug_iluxQ1IQ.mp4,429,429 Resource has been exhausted (e.g. check quota).,50.92762231826782,22
Uj6G1C6c0uw.mp4,data/hussain_videos/Uj6G1C6c0uw.mp4,429,429 Resource has been exhausted (e.g. check quota).,36.59040188789368,48
UrEPJkajMSE.mp4,data/hussain_videos/UrEPJkajMSE.mp4,429,429 Resource has been exhausted (e.g. check quota).,33.168357372283936,26
Uq3NsDX4Clo.mp4,data/hussain_videos/Uq3NsDX4Clo.mp4,429,429 Resource has been exhausted (e.g. check quota).,43.11840558052063,13
UzNcixxdnZs.mp4,data/hussain_videos/UzNcixxdnZs.mp4,429,429 Resource has been exhausted (e.g. check quota).,41.62075877189636,21
UzPq0hDdDhs.mp4,data/hussain_videos/UzPq0hDdDhs.mp4,429,429 Resource has been exhausted (e.g. check quota).,44.821773529052734,16
V44DI0ZP8Cg.mp4,data/hussain_videos/V44DI0ZP8Cg.mp4,429,429 Resource has been exhausted (e.g. check quota).,28.428415298461914,6
UC9qnjOUjss.mp4,data/hussain_videos/UC9qnjOUjss.mp4,429,429 Resource has been exhausted (e.g. check quota).,443.0006728172302,79
V7g4e5m5aRc.mp4,data/hussain_videos/V7g4e5m5aRc.mp4,429,429 Resource has been exhausted (e.g. check quota).,18.5090491771698,26
UvDs7RDKCag.mp4,data/hussain_videos/UvDs7RDKCag.mp4,429,429 Resource has been exhausted (e.g. check quota).,142.40265917778015,35
VFYiqDh0UxE.mp4,data/hussain_videos/VFYiqDh0UxE.mp4,429,429 Resource has been exhausted (e.g. check quota).,16.83546757698059,5
V9epMG_zeYw.mp4,data/hussain_videos/V9epMG_zeYw.mp4,429,429 Resource has been exhausted (e.g. check quota).,33.530620098114014,22
VJwFUNHtCJQ.mp4,data/hussain_videos/VJwFUNHtCJQ.mp4,429,429 Resource has been exhausted (e.g. check quota).,25.420422554016113,27
VRrMu7B1L2I.mp4,data/hussain_videos/VRrMu7B1L2I.mp4,429,429 Resource has been exhausted (e.g. check quota).,12.741924285888672,17
VSdxqIBfEAw.mp4,data/hussain_videos/VSdxqIBfEAw.mp4,429,429 Resource has been exhausted (e.g. check quota).,7.479133367538452,7
UYy1GmJgFXA.mp4,data/hussain_videos/UYy1GmJgFXA.mp4,429,429 Resource has been exhausted (e.g. check quota).,329.7544934749603,86
VWPlZSL9ZMc.mp4,data/hussain_videos/VWPlZSL9ZMc.mp4,429,429 Resource has been exhausted (e.g. check quota).,6.711416482925415,6
VX32RKuqIVs.mp4,data/hussain_videos/VX32RKuqIVs.mp4,429,429 Resource has been exhausted (e.g. check quota).,15.54033613204956,32
VX5au0LOJp8.mp4,data/hussain_videos/VX5au0LOJp8.mp4,429,429 Resource has been exhausted (e.g. check quota).,10.789520263671875,6
VMjRSnokms8.mp4,data/hussain_videos/VMjRSnokms8.mp4,429,429 Resource has been exhausted (e.g. check quota).,110.28205704689026,47
VPlxNhEc2lA.mp4,data/hussain_videos/VPlxNhEc2lA.mp4,429,429 Resource has been exhausted (e.g. check quota).,118.17107701301575,45
VT9XM1SSkv0.mp4,data/hussain_videos/VT9XM1SSkv0.mp4,429,429 Resource has been exhausted (e.g. check quota).,99.94817113876343,34
VcSBO8YAnTQ.mp4,data/hussain_videos/VcSBO8YAnTQ.mp4,429,429 Resource has been exhausted (e.g. check quota).,11.027596235275269,9
V_3H_Y5QUWw.mp4,data/hussain_videos/V_3H_Y5QUWw.mp4,429,429 Resource has been exhausted (e.g. check quota).,43.6980082988739,15
VdonoCCQF9o.mp4,data/hussain_videos/VdonoCCQF9o.mp4,429,429 Resource has been exhausted (e.g. check quota).,34.008373737335205,21
VbVa0cPAJ1g.mp4,data/hussain_videos/VbVa0cPAJ1g.mp4,429,429 Resource has been exhausted (e.g. check quota).,58.834614515304565,33
V_gGAPOZbFA.mp4,data/hussain_videos/V_gGAPOZbFA.mp4,429,429 Resource has been exhausted (e.g. check quota).,83.34781622886658,40
Vf2rlIqGlqM.mp4,data/hussain_videos/Vf2rlIqGlqM.mp4,429,429 Resource has been exhausted (e.g. check quota).,65.32682275772095,18
VhK5gJDmSc8.mp4,data/hussain_videos/VhK5gJDmSc8.mp4,429,429 Resource has been exhausted (e.g. check quota).,51.89845657348633,2
VoP0tAvHcGY.mp4,data/hussain_videos/VoP0tAvHcGY.mp4,429,429 Resource has been exhausted (e.g. check quota).,15.000423908233643,9
VyLXZ2GQS7Y.mp4,data/hussain_videos/VyLXZ2GQS7Y.mp4,429,429 Resource has been exhausted (e.g. check quota).,29.77531409263611,16
VjGU3I9degQ.mp4,data/hussain_videos/VjGU3I9degQ.mp4,429,429 Resource has been exhausted (e.g. check quota).,97.11521983146667,32
Vz5DXIezqr4.mp4,data/hussain_videos/Vz5DXIezqr4.mp4,429,429 Resource has been exhausted (e.g. check quota).,21.498610496520996,12
Vn2ZyRUZ4-s.mp4,data/hussain_videos/Vn2ZyRUZ4-s.mp4,429,429 Resource has been exhausted (e.g. check quota).,91.52616429328918,19
Vjn2JKrlkcU.mp4,data/hussain_videos/Vjn2JKrlkcU.mp4,429,429 Resource has been exhausted (e.g. check quota).,111.19823050498962,51
WFNXwor69-U.mp4,data/hussain_videos/WFNXwor69-U.mp4,429,429 Resource has been exhausted (e.g. check quota).,21.405747652053833,41
W5N5Hlt7B2M.mp4,data/hussain_videos/W5N5Hlt7B2M.mp4,429,429 Resource has been exhausted (e.g. check quota).,50.37975263595581,16
WGsch35hQHM.mp4,data/hussain_videos/WGsch35hQHM.mp4,429,429 Resource has been exhausted (e.g. check quota).,41.59373450279236,15
WHdYDNs0qq4.mp4,data/hussain_videos/WHdYDNs0qq4.mp4,429,429 Resource has been exhausted (e.g. check quota).,44.56842494010925,15
W5W_i8oa9cE.mp4,data/hussain_videos/W5W_i8oa9cE.mp4,429,429 Resource has been exhausted (e.g. check quota).,88.14797496795654,38
WIlPFRsseQ8.mp4,data/hussain_videos/WIlPFRsseQ8.mp4,429,429 Resource has been exhausted (e.g. check quota).,21.75590467453003,19
WfMVC2BOFSw.mp4,data/hussain_videos/WfMVC2BOFSw.mp4,429,429 Resource has been exhausted (e.g. check quota).,7.316095352172852,4
WZElUMthBPI.mp4,data/hussain_videos/WZElUMthBPI.mp4,429,429 Resource has been exhausted (e.g. check quota).,17.20366096496582,23
WSDvRkmTNA4.mp4,data/hussain_videos/WSDvRkmTNA4.mp4,429,429 Resource has been exhausted (e.g. check quota).,53.886263847351074,46
WGQdXUw2uSU.mp4,data/hussain_videos/WGQdXUw2uSU.mp4,429,429 Resource has been exhausted (e.g. check quota).,132.35411477088928,50
WfTJL_h0XfY.mp4,data/hussain_videos/WfTJL_h0XfY.mp4,429,429 Resource has been exhausted (e.g. check quota).,68.05015993118286,37
WhF7dQl4Ico.mp4,data/hussain_videos/WhF7dQl4Ico.mp4,429,429 Resource has been exhausted (e.g. check quota).,86.51507902145386,43
WikU5oIkL8c.mp4,data/hussain_videos/WikU5oIkL8c.mp4,429,429 Resource has been exhausted (e.g. check quota).,100.61201453208923,54
WrE6iE7xnN0.mp4,data/hussain_videos/WrE6iE7xnN0.mp4,429,429 Resource has been exhausted (e.g. check quota).,7.490074634552002,9
WxG7LgQ2Sig.mp4,data/hussain_videos/WxG7LgQ2Sig.mp4,429,429 Resource has been exhausted (e.g. check quota).,17.927184343338013,10
X2cs8gnb42A.mp4,data/hussain_videos/X2cs8gnb42A.mp4,429,429 Resource has been exhausted (e.g. check quota).,9.296651363372803,8
WpByXzdMQfk.mp4,data/hussain_videos/WpByXzdMQfk.mp4,429,429 Resource has been exhausted (e.g. check quota).,90.03152918815613,56
Wo6BkRgvYF8.mp4,data/hussain_videos/Wo6BkRgvYF8.mp4,429,429 Resource has been exhausted (e.g. check quota).,109.21446299552917,13
X5vjQQXauD0.mp4,data/hussain_videos/X5vjQQXauD0.mp4,429,429 Resource has been exhausted (e.g. check quota).,37.43102526664734,20
X6pyDwa3nGw.mp4,data/hussain_videos/X6pyDwa3nGw.mp4,429,429 Resource has been exhausted (e.g. check quota).,34.61995458602905,19
WjBuFH4NPno.mp4,data/hussain_videos/WjBuFH4NPno.mp4,429,429 Resource has been exhausted (e.g. check quota).,176.6671051979065,53
XEEU1nQeGNA.mp4,data/hussain_videos/XEEU1nQeGNA.mp4,429,429 Resource has been exhausted (e.g. check quota).,52.54768204689026,33
X7ifDf6chNw.mp4,data/hussain_videos/X7ifDf6chNw.mp4,429,429 Resource has been exhausted (e.g. check quota).,131.9644069671631,26
XCibiAnJ6Ts.mp4,data/hussain_videos/XCibiAnJ6Ts.mp4,429,429 Resource has been exhausted (e.g. check quota).,114.23971319198608,9
XHSoS4p9688.mp4,data/hussain_videos/XHSoS4p9688.mp4,429,429 Resource has been exhausted (e.g. check quota).,95.52029180526733,13
XLpQDBP20X0.mp4,data/hussain_videos/XLpQDBP20X0.mp4,429,429 Resource has been exhausted (e.g. check quota).,43.08647131919861,26
XG0_olXLkKg.mp4,data/hussain_videos/XG0_olXLkKg.mp4,429,429 Resource has been exhausted (e.g. check quota).,223.99581789970398,39
XKR1ScQUpcA.mp4,data/hussain_videos/XKR1ScQUpcA.mp4,429,429 Resource has been exhausted (e.g. check quota).,148.5393304824829,35
XV-1XpGxhgo.mp4,data/hussain_videos/XV-1XpGxhgo.mp4,429,429 Resource has been exhausted (e.g. check quota).,103.03926110267639,27
XXwV6lUfMqw.mp4,data/hussain_videos/XXwV6lUfMqw.mp4,429,429 Resource has been exhausted (e.g. check quota).,17.576634168624878,13
XWzNExv2nA0.mp4,data/hussain_videos/XWzNExv2nA0.mp4,429,429 Resource has been exhausted (e.g. check quota).,38.39694786071777,25
XVLBEsG0MH4.mp4,data/hussain_videos/XVLBEsG0MH4.mp4,429,429 Resource has been exhausted (e.g. check quota).,111.35463500022888,48
XbLZe1r0DJk.mp4,data/hussain_videos/XbLZe1r0DJk.mp4,429,429 Resource has been exhausted (e.g. check quota).,15.835247039794922,9
XZn4opyPfEI.mp4,data/hussain_videos/XZn4opyPfEI.mp4,429,429 Resource has been exhausted (e.g. check quota).,29.566622018814087,16
XgUJP6xGHOs.mp4,data/hussain_videos/XgUJP6xGHOs.mp4,429,429 Resource has been exhausted (e.g. check quota).,63.6983540058136,30
zAQa8YWyXTA.mp4,data/hussain_videos/zAQa8YWyXTA.mp4,429,429 Resource has been exhausted (e.g. check quota).,50.461716413497925,29
zFubzSu2AOE.mp4,data/hussain_videos/zFubzSu2AOE.mp4,429,429 Resource has been exhausted (e.g. check quota).,5.241767168045044,6
zKaIlT_lK1s.mp4,data/hussain_videos/zKaIlT_lK1s.mp4,429,429 Resource has been exhausted (e.g. check quota).,46.143404483795166,21
zP3DcpSSH34.mp4,data/hussain_videos/zP3DcpSSH34.mp4,429,429 Resource has been exhausted (e.g. check quota).,22.903866052627563,14
zE9wNkE820w.mp4,data/hussain_videos/zE9wNkE820w.mp4,429,429 Resource has been exhausted (e.g. check quota).,122.28286004066467,48
zMIKBDwUcrQ.mp4,data/hussain_videos/zMIKBDwUcrQ.mp4,429,429 Resource has been exhausted (e.g. check quota).,72.12771654129028,22
z_Wah7jp0Jw.mp4,data/hussain_videos/z_Wah7jp0Jw.mp4,429,429 Resource has been exhausted (e.g. check quota).,24.97529435157776,12
zeArvKw2Y-c.mp4,data/hussain_videos/zeArvKw2Y-c.mp4,429,429 Resource has been exhausted (e.g. check quota).,45.3212308883667,19
zKQbsrRutvE.mp4,data/hussain_videos/zKQbsrRutvE.mp4,429,429 Resource has been exhausted (e.g. check quota).,143.64293456077576,11
zeGT4UArCdc.mp4,data/hussain_videos/zeGT4UArCdc.mp4,429,429 Resource has been exhausted (e.g. check quota).,18.807467460632324,9
zSM6sAtyvyg.mp4,data/hussain_videos/zSM6sAtyvyg.mp4,429,429 Resource has been exhausted (e.g. check quota).,89.74937510490417,14
zeeBp2uqcKc.mp4,data/hussain_videos/zeeBp2uqcKc.mp4,429,429 Resource has been exhausted (e.g. check quota).,17.25710391998291,15
zcdDg30VBgo.mp4,data/hussain_videos/zcdDg30VBgo.mp4,429,429 Resource has been exhausted (e.g. check quota).,115.87297463417053,27
zrIe6n-ZK_E.mp4,data/hussain_videos/zrIe6n-ZK_E.mp4,429,429 Resource has been exhausted (e.g. check quota).,38.144127368927,16
zvq5rMEbNbw.mp4,data/hussain_videos/zvq5rMEbNbw.mp4,429,429 Resource has been exhausted (e.g. check quota).,10.859096765518188,15
zl71eFcqBnQ.mp4,data/hussain_videos/zl71eFcqBnQ.mp4,429,429 Resource has been exhausted (e.g. check quota).,50.66253924369812,24
zwY6acYYO3o.mp4,data/hussain_videos/zwY6acYYO3o.mp4,429,429 Resource has been exhausted (e.g. check quota).,17.85869574546814,26
zv750BWrUhY.mp4,data/hussain_videos/zv750BWrUhY.mp4,429,429 Resource has been exhausted (e.g. check quota).,59.22136926651001,38
